Workbook

Sheet FORMULARIO
B2: MUNICIPALIDAD DE TILARAN
B3: PROCESO DE SERVICIOS CIUDADANOS Y TÉCNICOS
B4: Unidad de Bienes Inmuebles y Valoración
B6: SOLICITUD DE NO AFECTACIÓN IMPUESTO SOBRE BIENES INMUEBLES
B8: INFORMACIÓN GENERAL
B9: PROPIETARIO: | P9: N° CÉDULA:
B10: REPRESENTANTE LEGAL: | P10: N° CÉDULA:
B11: DIRECCIÓN EXACTA:
F12: ( Referencia, distrito, cantón y provincia )
B13: N° TELÉFONO: | I13: N° FAX: | N13: e-mail:
B15: De conformidad con el inciso b) del artículo 4° de la Ley del Impuesto Sobre Bienes Inmuebles n° 7509, solicito se revise y aplique no
B16: afectación al Impuesto Sobre Bienes Inmuebles, para las siguientes propiedades:
B18: N° FINCA | E18: N° PLANO | I18: DISTRITO | M18: CONDICIÓN
H28: FIRMA SOLICITANTE
B31: PLATAFORMISTA | I31: FUNCIONARIO ASIGNADO | P31: PLAZO RESOLUCIÓN
I32: Rigoberto Hernández Quesada | P32: Artículo 262 LGAP
B33: FECHA DE RECEPCIÓN Y HORA | I33: FECHA DE RECEPCIÓN Y HORA | P33: =VLOOKUP(P36,PARÁMETROS!J3:K6,2,FALSE) -> 10
B34: =NOW() -> 45349.515
P36: Los dictámenes, peritajes, e informes técnicos similares, después de solicitados.
B37: FIRMA | I37: FIRMA
I38: =VLOOKUP(I32,[1]PARÁMETROS!B5:D30,2,FALSE) -> rhernandez@tilaran.go.cr
I39: =VLOOKUP(I32,[1]PARÁMETROS!B5:E30,4,FALSE) -> 26952434
B41: Original. Solicitante Copia 1. Expediente propiedades

Sheet RESOLUCIÓN
B2: MUNICIPALIDAD DE TILARAN
B3: PROCESO DE SERVICIOS CIUDADANOS Y TÉCNICOS
B4: Unidad de Bienes Inmuebles y Valoración
B6: DECLARATORIA DE NO AFECTACIÓN IMPUESTO SOBRE BIENES INMUEBLES (Para uso de la Administración)
B8: INFORMACIÓN GENERAL
B9: PROPIETARIO: | E9: =+FORMULARIO!E9 -> 0 | R9: N° CÉDULA: | U9: =+FORMULARIO!S9 -> 0
B10: REPRESENTANTE LEGAL: | G10: =+FORMULARIO!G10 -> 0 | R10: N° CÉDULA: | U10: =+FORMULARIO!S10 -> 0
B11: DIRECCIÓN EXACTA: | F11: =+FORMULARIO!F11 -> 0
F12: ( Referencia, distrito, cantón y provincia )
B13: N° TELÉFONO: | E13: =+FORMULARIO!E13 -> 0 | I13: N° FAX: | K13: =+FORMULARIO!K13 -> 0 | P13: e-mail: | R13: =+FORMULARIO!P13 -> 0
B16: DETALLE DEL CÁLCULO
B17: N° FINCA | E17: ÁREA | H17: CONDICIÓN CONFIRMADA | K17: % DENTRO DE ÁREA CON BENEFICIO FISCAL | N17: VALOR TERRENO | Q17: VALOR EDIFICIOS | T17: VALOR TERRENO NO AFECTO AL ISBI | W17: VALOR TOTAL
B18: =+FORMULARIO!B19 -> 0 | E18: 221874.83 | H18: Reserva forestal, indígena o biológica | K18: 1 | N18: 10000000 | Q18: 0 | T18: =+N18*K18 -> 10000000 | W18: =+(N18-T18)+Q18 -> 0
B19: =+FORMULARIO!B20 -> 0 | E19: 550373.7 | H19: Reserva forestal, indígena o biológica | K19: 1 | N19: 25000000 | Q19: 52225000 | T19: =IFERROR(N19*K19,"") -> 25000000 | W19: =IFERROR((N19-T19)+Q19,"") -> 52225000
B24: Base Imponible con AFECTACIÓN al Impuesto Sobre Bienes Inmuebles, Ley n° 7509 | W24: =SUM(W18:Y23) -> 52225000
B25: Impuesto anual sobre bienes inmuebles | W25: =+W24*0.25% -> 130562.5
B27: RESOLUCIÓN
B29: LA PRESENTE SOLICITUD RESULTÓ: | J29: APROBADA | Q29: DENEGADA | T29: EL | U29: =NOW() -> 45349.515
B30: OBSERVACIONES:
H35: GESTOR MUNICIPAL

Sheet PARÁMETROS
D1: 1 | E1: Adrián Picado González | F1: apicado@tilaran.go.cr | G1: ASISTENTE TÉCNICO | H1: 26952437
D2: =1+D1 -> 2 | E2: Ana Cecilia Cruz Mejías | F2: acruz@tilaran.go.cr | G2: COORDINADORA SERVICIOS JURÍDICOS | H2: 26952415 | J2: PLAZO RESOLUCIÓN
B3: X | D3: =1+D2 -> 3 | E3: Annia Ramírez Rodríguez | F3: aramirez@tilaran.go.cr | G3: PLATAFORMISTA | H3: 26952410 | J3: Los de méro trámite y la decisión de peticiones de ese carácter | K3: 3
B4: √ | D4: =1+D3 -> 4 | E4: Carolay Solera Calvo | F4: carolay.solera@tilaran.go.cr | G4: PLATAFORMISTA | H4: 26952410 | J4: Las notificaciones, a partir del acto de que se trate o de producidos los hechos que deben darse a conocer. | K4: 3
B5: NA | D5: =1+D4 -> 5 | E5: Didier Fonseca Obando | F5: dfonseca@tilaran.go.cr | G5: COORDINADOR SERVICIOS DE INFRAESTRUCTURA | H5: 26952428 | J5: Los dictámenes, peritajes, e informes técnicos similares, después de solicitados. | K5: 10
D6: =1+D5 -> 6 | E6: Frayman Pérez Ramírez | F6: fperez@tilaran.go.cr | G6: ASISTENTE TÉCNICO | H6: 26952409 | J6: Los meros informes administrativos no técnicos, después de solicitados. | K6: 3
D7: =1+D6 -> 7 | E7: Gustavo Bogantes Morera | F7: gbogantes@tilaran.go.cr | G7: ENCARGADO DE CATASTRO | H7: 26952404
B8: DISTRITO | D8: =1+D7 -> 8 | E8: Graciela Lopez Granados | F8: glopez@tilaran.go.cr | G8: PLATAFORMISTA | H8: 26952411
B9: Tilarán | D9: =1+D8 -> 9 | E9: Jimmy Espinoza Masis | F9: jespinoza@tilaran.go.cr | G9: INSPECTOR | H9: 26952444
B10: Quebrada Grande | D10: =1+D9 -> 10 | E10: José Antonio Rodríguez Herrera | F10: jrodriguez@tilaran.go.cr | G10: COORDINADOR SERVICIOS CIUDADANOS Y TÉCNICOS | H10: 26952414
B11: Tronadora | D11: =1+D10 -> 11 | E11: Juan Pablo Barquero Sánchez | F11: jbarquero@tilaran.go.cr | G11: ALCALDE MUNICIPAL | H11: 26952401
B12: Santa Rosa | D12: =1+D11 -> 12 | E12: Katherine Alfaro lópez | F12: kalfaro@tilaran.go.cr | G12: VICEALCALDESA | H12: 26952402
B13: Líbano | D13: =1+D12 -> 13 | E13: Katia Pérez Picado | F13: katia.perez@tilaran.go.cr | G13: PLATAFORMISTA | H13: 26952410
B14: Tierras Morenas | D14: =1+D13 -> 14 | E14: Luz Mireya Herrera Campos | F14: lherrera@tilaran.go.cr | G14: PLATAFORMISTA | H14: 26952412
B15: Arenal | D15: =1+D14 -> 15 | E15: María Cecilia Prendas Martínez | F15: cprendas@tilaran.go.cr | G15: ASISTENTE TÉCNICO | H15: 26952408
B16: Cabeceras | D16: =1+D15 -> 16 | E16: Marlon Campos Castillo | F16: mcampos@tilaran.go.cr | G16: COORDINADOR SERVICIOS AMBIENTALES | H16: 26952416
D17: =1+D16 -> 17 | E17: Meybelin Ramírez Méndez | F17: mramirez@tilaran.go.cr | G17: SECRETARÍA ALCALDÍA | H17: 26952403
D18: =1+D17 -> 18 | E18: Rigoberto Hernández Quesada | F18: rhernandez@tilaran.go.cr | G18: ENCARGADO DE BIENES INMUEBLES Y VALORACIÓN | H18: 26952434
B19: CONDICIÓN | D19: =1+D18 -> 19 | E19: Rose Mary Ruiz Soto | F19: rruiz@tilaran.go.cr | G19: COORDINADOR DE DESARROLLO Y CONTROL URBANO | H19: 26952427
B20: Cuencas hidrográficas | D20: =1+D19 -> 20 | E20: Yamileth Carvajal Manzanares | F20: ycarvajal@tilaran.go.cr | G20: ASISTENTE TÉCNICO | H20: 26952406
B21: Reserva forestal, indígena o biológica | D21: =1+D20 -> 21 | E21: Zeidy Campos Artavia | F21: zcampos@tilaran.go.cr | G21: ASISTENTE TÉCNICO | H21: 26952405
B22: Parque nacional o similar | D22: =1+D21 -> 22 | E22: Uber Masis Solis | F22: hmasis@tilaran.go.cr | G22: INSPECTOR | H22: 26952411
D23: =1+D22 -> 23 | E23: Gerald Vega Zamora | G23: PLATAFORMISTA
D24: =1+D23 -> 24
D25: =1+D24 -> 25
D26: =1+D25 -> 26
D27: =1+D26 -> 27
D28: =1+D27 -> 28
D29: =1+D28 -> 29
